{
  "title": "Marées France (SHOM)",
  "config": {
    "step": {
      "user": {
        "title": "Configure Marées France Harbor",
        "description": "Select the harbor and the update frequency.",
        "data": {
          "harbor_id": "Harbor Name",
          "scan_interval": "Update interval (hours)"
        }
      }
    },
    "error": {
      "cannot_connect": "[%key:common::config_flow::error::cannot_connect%]",
      "unknown": "[%key:common::config_flow::error::unknown%]",
      "invalid_harbor": "Selected harbor is invalid. Please choose from the list."
    },
    "abort": {
      "already_configured": "[%key:common::config_flow::abort::already_configured_device%]",
      "cannot_connect": "[%key:common::config_flow::error::cannot_connect%]",
      "unknown": "[%key:common::config_flow::error::unknown%]"
    }
  },
  "options": {
    "step": {
      "init": {
        "title": "Marées France Options",
        "description": "Adjust the update frequency for this harbor.",
        "data": {
          "scan_interval": "Update interval (hours)"
        }
      }
    },
    "error": {}
  },
  "entity": {
    "sensor": {
      "tides": {
        "state": {
          "high_tide": "High Tide",
          "low_tide": "Low Tide"
        }
      }
    }
  }
}